title,runtime,genre(s),director(s),writer(s),actor(s),rating(s),number of rating(s)
The Shawshank Redemption,1994,2h 22min,Crime; Drama,Frank Darabont,Stephen King; Frank Darabont,Tim Robbins; Morgan Freeman; Bob Gunton,9.3,"1,938,707"
The Godfather,1972,2h 55min,Crime; Drama,Francis Ford Coppola,Mario Puzo; Francis Ford Coppola,Marlon Brando; Al Pacino; James Caan,9.2,"1,326,530"
The Godfather: Part II,1974,3h 22min,Crime; Drama,Francis Ford Coppola,Francis Ford Coppola; Mario Puzo,Al Pacino; Robert De Niro; Robert Duvall,9.0,"916,975"
The Dark Knight,2008,2h 32min,Crime; Drama; Thriller,Christopher Nolan,Jonathan Nolan; Christopher Nolan,Christian Bale; Heath Ledger; Aaron Eckhart,9.0,"1,909,381"
12 Angry Men,1957,1h 36min,Crime; Drama,Sidney Lumet,Reginald Rose; Reginald Rose,Henry Fonda; Lee J. Cobb; Martin Balsam,8.9,"537,888"
Schindler's List,1993,3h 15min,Biography; Drama; History,Steven Spielberg,Thomas Keneally; Steven Zaillian,Liam Neeson; Ralph Fiennes; Ben Kingsley,8.9,"999,800"
The Lord of the Rings: The Return of the King,2003,3h 21min,Adventure; Drama; Fantasy,Peter Jackson,J.R.R. Tolkien; Fran Walsh,Elijah Wood; Viggo Mortensen; Ian McKellen,8.9,"1,384,109"
Pulp Fiction,1994,2h 34min,Crime; Drama,Quentin Tarantino,Quentin Tarantino; Roger Avary,John Travolta; Uma Thurman; Samuel L. Jackson,8.9,"1,515,189"
"Il buono, il brutto, il cattivo",1966,2h 41min,Western,Sergio Leone,Luciano Vincenzoni; Sergio Leone,Clint Eastwood; Eli Wallach; Lee Van Cleef,8.9,"575,316"
Fight Club,1999,2h 19min,Drama,David Fincher,Chuck Palahniuk; Jim Uhls,Brad Pitt; Edward Norton; Meat Loaf,8.8,"1,553,045"
The Lord of the Rings: The Fellowship of the Ring,2001,2h 58min,Adventure; Drama; Fantasy,Peter Jackson,J.R.R. Tolkien; Fran Walsh,Elijah Wood; Ian McKellen; Orlando Bloom,8.8,"1,403,142"
Forrest Gump,1994,2h 22min,Drama; Romance,Robert Zemeckis,Winston Groom; Eric Roth,Tom Hanks; Robin Wright; Gary Sinise,8.8,"1,469,070"
Star Wars: Episode V - The Empire Strikes Back,1980,2h 4min,Action; Adventure; Fantasy; Sci-Fi,Irvin Kershner,Leigh Brackett; Lawrence Kasdan,Mark Hamill; Harrison Ford; Carrie Fisher,8.8,"975,358"
Inception,2010,2h 28min,Action; Adventure; Sci-Fi; Thriller,Christopher Nolan,Christopher Nolan,Leonardo DiCaprio; Joseph Gordon-Levitt; Ellen Page,8.8,"1,696,540"
The Lord of the Rings: The Two Towers,2002,2h 59min,Adventure; Drama; Fantasy,Peter Jackson,J.R.R. Tolkien; Fran Walsh,Elijah Wood; Ian McKellen; Viggo Mortensen,8.7,"1,252,825"
One Flew Over the Cuckoo's Nest,1975,2h 13min,Drama,Milos Forman,Lawrence Hauben; Bo Goldman,Jack Nicholson; Louise Fletcher; Michael Berryman,8.7,"773,415"
Goodfellas,1990,2h 26min,Biography; Crime; Drama,Martin Scorsese,Nicholas Pileggi; Nicholas Pileggi,Robert De Niro; Ray Liotta; Joe Pesci,8.7,"836,657"
The Matrix,1999,2h 16min,Action; Sci-Fi,"Lana Wachowski (as The Wachowski Brothers),            ; Lilly Wachowski (as The Wachowski Brothers)           ",Lilly Wachowski; Lana Wachowski,Keanu Reeves; Laurence Fishburne; Carrie-Anne Moss,8.7,"1,393,109"
Shichinin no samurai,1954,3h 27min,Adventure; Drama,Akira Kurosawa,Akira Kurosawa; Shinobu Hashimoto,Toshir\xc3\xb4 Mifune; Takashi Shimura; Keiko Tsushima,8.7,"262,873"
Cidade de Deus,2002,2h 10min,Crime; Drama,"Fernando Meirelles,            ; K\xc3\xa1tia Lund (co-director)           ",Paulo Lins; Br\xc3\xa1ulio Mantovani,Alexandre Rodrigues; Leandro Firmino; Matheus Nachtergaele,8.6,"602,871"
Star Wars: Episode IV - A New Hope,1977,2h 1min,Action; Adventure; Fantasy; Sci-Fi,George Lucas,George Lucas,Mark Hamill; Harrison Ford; Carrie Fisher,8.6,"1,047,267"
Se7en,1995,2h 7min,Crime; Drama; Mystery; Thriller,David Fincher,Andrew Kevin Walker,Morgan Freeman; Brad Pitt; Kevin Spacey,8.6,"1,183,171"
The Silence of the Lambs,1991,1h 58min,Crime; Drama; Thriller,Jonathan Demme,Thomas Harris; Ted Tally,Jodie Foster; Anthony Hopkins; Lawrence A. Bonney,8.6,"1,036,223"
It's a Wonderful Life,1946,2h 10min,Drama; Family; Fantasy,Frank Capra,Frances Goodrich; Albert Hackett,James Stewart; Donna Reed; Lionel Barrymore,8.6,"326,368"
La vita \xc3\xa8 bella,1997,1h 56min,Comedy; Drama; War,Roberto Benigni,Vincenzo Cerami; Roberto Benigni,Roberto Benigni; Nicoletta Braschi; Giorgio Cantarini,8.6,"502,969"
The Usual Suspects,1995,1h 46min,Crime; Mystery; Thriller,Bryan Singer,Christopher McQuarrie,Kevin Spacey; Gabriel Byrne; Chazz Palminteri,8.6,"845,603"
De reis van Chihiro,2001,2h 5min,Animation; Adventure; Family; Fantasy; Mystery,"Hayao Miyazaki,            ; Kirk Wise",Hayao Miyazaki,Daveigh Chase; Suzanne Pleshette; Miyu Irino,8.6,"504,135"
Saving Private Ryan,1998,2h 49min,Drama; War,Steven Spielberg,Robert Rodat,Tom Hanks; Matt Damon; Tom Sizemore,8.6,"1,022,048"
L\xc3\xa9on,1994,1h 50min,Crime; Drama; Thriller,Luc Besson,Luc Besson,Jean Reno; Gary Oldman; Natalie Portman,8.6,"846,326"
Interstellar,2014,2h 49min,Adventure; Drama; Sci-Fi,Christopher Nolan,Jonathan Nolan; Christopher Nolan,Matthew McConaughey; Anne Hathaway; Jessica Chastain,8.6,"1,163,717"
The Green Mile,1999,3h 9min,Crime; Drama; Fantasy; Mystery,Frank Darabont,Stephen King; Frank Darabont,Tom Hanks; Michael Clarke Duncan; David Morse,8.5,"923,356"
American History X,1998,1h 59min,Crime; Drama,Tony Kaye,David McKenna,Edward Norton; Edward Furlong; Beverly D'Angelo,8.5,"890,525"
Psycho,1960,1h 49min,Horror; Mystery; Thriller,Alfred Hitchcock,Joseph Stefano; Robert Bloch,Anthony Perkins; Janet Leigh; Vera Miles,8.5,"491,829"
Once Upon a Time in the West,1968,2h 44min,Western,Sergio Leone,Sergio Donati; Sergio Leone,Henry Fonda; Charles Bronson; Claudia Cardinale,8.5,"251,643"
City Lights,1931,1h 27min,Comedy; Drama; Romance,Charles Chaplin,Charles Chaplin,Charles Chaplin; Virginia Cherrill; Florence Lee,8.6,"132,321"
Casablanca,1942,1h 42min,Drama; Romance; War,Michael Curtiz,Julius J. Epstein; Philip G. Epstein,Humphrey Bogart; Ingrid Bergman; Paul Henreid,8.5,"442,992"
The Intouchables,2011,1h 52min,Biography; Comedy; Drama,"Olivier Nakache,            ; \xc3\x89ric Toledano",Olivier Nakache; \xc3\x89ric Toledano,Fran\xc3\xa7ois Cluzet; Omar Sy; Anne Le Ny,8.5,"612,733"
Modern Times,1936,1h 27min,Comedy; Drama; Family; Romance,Charles Chaplin (as Charlie Chaplin)           ,Charles Chaplin,Charles Chaplin; Paulette Goddard; Henry Bergman,8.5,"172,800"
The Pianist,2002,2h 30min,Biography; Drama; Music; War,Roman Polanski,Ronald Harwood; Wladyslaw Szpilman,Adrien Brody; Thomas Kretschmann; Frank Finlay,8.5,"586,471"
The Departed,2006,2h 31min,Crime; Drama; Thriller,Martin Scorsese,William Monahan; Alan Mak,Leonardo DiCaprio; Matt Damon; Jack Nicholson,8.5,"999,744"
Indiana Jones and the Raiders of the Lost Ark,1981,1h 55min,Action; Adventure,Steven Spielberg,Lawrence Kasdan; George Lucas,Harrison Ford; Karen Allen; Paul Freeman,8.5,"752,947"
Terminator 2: Judgment Day,1991,2h 17min,Action; Sci-Fi,James Cameron,James Cameron; William Wisher,Arnold Schwarzenegger; Linda Hamilton; Edward Furlong,8.5,"845,007"
Rear Window,1954,1h 52min,Mystery; Thriller,Alfred Hitchcock,John Michael Hayes; Cornell Woolrich,James Stewart; Grace Kelly; Wendell Corey,8.5,"367,263"
Back to the Future,1985,1h 56min,Adventure; Comedy; Sci-Fi,Robert Zemeckis,Robert Zemeckis; Bob Gale,Michael J. Fox; Christopher Lloyd; Lea Thompson,8.5,"855,266"
Whiplash,2014,1h 47min,Drama; Music,Damien Chazelle,Damien Chazelle,Miles Teller; J.K. Simmons; Melissa Benoist,8.5,"543,498"
Gladiator,2000,2h 35min,Action; Adventure; Drama,Ridley Scott,David Franzoni; David Franzoni,Russell Crowe; Joaquin Phoenix; Connie Nielsen,8.5,"1,123,830"
De Leeuwenkoning,1994,1h 28min,Animation; Adventure; Drama; Family; Musical,"Roger Allers,            ; Rob Minkoff",Irene Mecchi; Jonathan Roberts,Matthew Broderick; Jeremy Irons; James Earl Jones,8.5,"759,807"
The Prestige,2006,2h 10min,Drama; Mystery; Sci-Fi; Thriller,Christopher Nolan,Jonathan Nolan; Christopher Nolan,Christian Bale; Hugh Jackman; Scarlett Johansson,8.5,"986,244"
Memento,2000,1h 53min,Mystery; Thriller,Christopher Nolan,Christopher Nolan; Jonathan Nolan,Guy Pearce; Carrie-Anne Moss; Joe Pantoliano,8.5,"965,899"
Apocalypse Now,1979,2h 27min,Drama; War,Francis Ford Coppola (as Francis Coppola)           ,John Milius; Francis Ford Coppola,Martin Sheen; Marlon Brando; Robert Duvall,8.5,"511,114"
Alien,1979,1h 56min,Horror; Sci-Fi,Ridley Scott,Dan O'Bannon; Ronald Shusett,Sigourney Weaver; Tom Skerritt; John Hurt,8.5,"662,364"
De dictator,1940,2h 5min,Comedy; Drama; War,Charles Chaplin,Charles Chaplin,Charles Chaplin; Paulette Goddard; Jack Oakie,8.5,"165,151"
Nuovo Cinema Paradiso,1988,2h 35min,Drama,Giuseppe Tornatore,Giuseppe Tornatore; Giuseppe Tornatore,Philippe Noiret; Enzo Cannavale; Antonella Attili,8.5,"182,853"
Sunset Blvd.,1950,1h 50min,Drama; Film-Noir,Billy Wilder,Charles Brackett; Billy Wilder,William Holden; Gloria Swanson; Erich von Stroheim,8.5,"164,547"
Dr. Strangelove or: How I Learned to Stop Worrying and Love the Bomb,1964,1h 35min,Comedy; War,Stanley Kubrick,Stanley Kubrick; Terry Southern,Peter Sellers; George C. Scott; Sterling Hayden,8.5,"389,648"
Hotaru no haka,1988,1h 29min,Animation; Drama; War,Isao Takahata,Akiyuki Nosaka; Isao Takahata,Tsutomu Tatsumi; Ayano Shiraishi; Akemi Yamaguchi,8.5,"173,400"
Das Leben der Anderen,2006,2h 17min,Drama; Thriller,Florian Henckel von Donnersmarck,Florian Henckel von Donnersmarck,Ulrich M\xc3\xbche; Martina Gedeck; Sebastian Koch,8.5,"299,916"
Paths of Glory,1957,1h 28min,Drama; War,Stanley Kubrick,Stanley Kubrick; Calder Willingham,Kirk Douglas; Ralph Meeker; Adolphe Menjou,8.4,"142,990"
Coco,2017,1h 45min,Animation; Adventure; Comedy; Family; Fantasy; Music; Mystery,"Lee Unkrich,            ; Adrian Molina (co-director)           ",Lee Unkrich; Jason Katz,Anthony Gonzalez; Gael Garc\xc3\xada Bernal; Benjamin Bratt,8.5,"155,351"
The Shining,1980,2h 26min,Drama; Horror,Stanley Kubrick,Stephen King; Stanley Kubrick,Jack Nicholson; Shelley Duvall; Danny Lloyd,8.4,"713,455"
Django Unchained,2012,2h 45min,Drama; Western,Quentin Tarantino,Quentin Tarantino,Jamie Foxx; Christoph Waltz; Leonardo DiCaprio,8.4,"1,118,923"
WALL\xc2\xb7E,2008,1h 38min,Animation; Adventure; Family; Sci-Fi,Andrew Stanton,Andrew Stanton; Pete Docter,Ben Burtt; Elissa Knight; Jeff Garlin,8.4,"836,653"
Mononoke-hime,1997,2h 14min,Animation; Adventure; Fantasy,Hayao Miyazaki,Hayao Miyazaki; Neil Gaiman,Y\xc3\xb4ji Matsuda; Yuriko Ishida; Y\xc3\xbbko Tanaka,8.4,"267,922"
American Beauty,1999,2h 2min,Drama,Sam Mendes,Alan Ball,Kevin Spacey; Annette Bening; Thora Birch,8.4,"933,097"
The Dark Knight Rises,2012,2h 44min,Action; Thriller,Christopher Nolan,Jonathan Nolan; Christopher Nolan,Christian Bale; Tom Hardy; Anne Hathaway,8.4,"1,298,201"
Witness for the Prosecution,1957,1h 56min,Crime; Drama; Mystery; Thriller,Billy Wilder,Agatha Christie; Billy Wilder,Tyrone Power; Marlene Dietrich; Charles Laughton,8.4,"81,124"
Oldeuboi,2003,2h,Action; Drama; Mystery; Thriller,Chan-wook Park,Garon Tsuchiya; Nobuaki Minegishi,Min-sik Choi; Ji-tae Yu; Hye-jeong Kang,8.4,"421,619"
Aliens,1986,2h 17min,Action; Adventure; Sci-Fi; Thriller,James Cameron,James Cameron; David Giler,Sigourney Weaver; Michael Biehn; Carrie Henn,8.4,"562,311"
Once Upon a Time in America,1984,3h 49min,Crime; Drama,Sergio Leone,Harry Grey; Leonardo Benvenuti,Robert De Niro; James Woods; Elizabeth McGovern,8.4,"256,281"
Das Boot,1981,2h 29min,Adventure; Drama; Thriller; War,Wolfgang Petersen,Wolfgang Petersen; Lothar G. Buchheim,J\xc3\xbcrgen Prochnow; Herbert Gr\xc3\xb6nemeyer; Klaus Wennemann,8.4,"194,334"
Citizen Kane,1941,1h 59min,Drama; Mystery,Orson Welles,Herman J. Mankiewicz; Orson Welles,Orson Welles; Joseph Cotten; Dorothy Comingore,8.4,"339,533"
North by Northwest,1959,2h 16min,Adventure; Mystery; Thriller,Alfred Hitchcock,Ernest Lehman,Cary Grant; Eva Marie Saint; James Mason,8.4,"251,992"
Vertigo,1958,2h 8min,Mystery; Romance; Thriller,Alfred Hitchcock,Alec Coppel; Samuel A. Taylor,James Stewart; Kim Novak; Barbara Bel Geddes,8.3,"294,015"
Braveheart,1995,2h 58min,Biography; Drama; History; War,Mel Gibson,Randall Wallace,Mel Gibson; Sophie Marceau; Patrick McGoohan,8.4,"839,032"
Reservoir Dogs,1992,1h 39min,Crime; Drama; Thriller,Quentin Tarantino,Quentin Tarantino; Quentin Tarantino,Harvey Keitel; Tim Roth; Michael Madsen,8.3,"766,482"
Star Wars: Episode VI - Return of the Jedi,1983,2h 11min,Action; Adventure; Fantasy; Sci-Fi,Richard Marquand,Lawrence Kasdan; George Lucas,Mark Hamill; Harrison Ford; Carrie Fisher,8.3,"801,920"
Dangal,2016,2h 41min,Action; Biography; Drama; Sport,Nitesh Tiwari,Piyush Gupta; Shreyas Jain,Aamir Khan; Sakshi Tanwar; Fatima Sana Shaikh,8.6,"91,494"
M,1931,1h 57min,Crime; Drama; Mystery; Thriller,Fritz Lang,Thea von Harbou; Fritz Lang,Peter Lorre; Ellen Widmann; Inge Landgut,8.4,"117,198"
Kimi no na wa.,2016,1h 46min,Animation; Drama; Fantasy; Romance,Makoto Shinkai,Makoto Shinkai; Makoto Shinkai,Ry\xc3\xbbnosuke Kamiki; Mone Kamishiraishi; Ry\xc3\xb4 Narita,8.4,"88,296"
Requiem for a Dream,2000,1h 42min,Drama,Darren Aronofsky,Hubert Selby Jr.; Hubert Selby Jr.,Ellen Burstyn; Jared Leto; Jennifer Connelly,8.3,"656,583"
Taare Zameen Par,2007,2h 45min,Drama; Family,"Aamir Khan,            ; Amole Gupte (uncredited)           ",Amole Gupte; Amole Gupte,Darsheel Safary; Aamir Khan; Tanay Chheda,8.5,"121,563"
Amadeus,1984,2h 40min,Biography; Drama; History; Music,Milos Forman,Peter Shaffer; Peter Shaffer,F. Murray Abraham; Tom Hulce; Elizabeth Berridge,8.3,"313,362"
Am\xc3\xa9lie,2001,2h 2min,Comedy; Romance,Jean-Pierre Jeunet,Guillaume Laurant; Jean-Pierre Jeunet,Audrey Tautou; Mathieu Kassovitz; Rufus,8.3,"611,121"
A Clockwork Orange,1971,2h 16min,Crime; Drama; Sci-Fi,Stanley Kubrick,Stanley Kubrick; Anthony Burgess,Malcolm McDowell; Patrick Magee; Michael Bates,8.3,"640,930"
Lawrence of Arabia,1962,3h 36min,Adventure; Biography; Drama; History; War,David Lean,T.E. Lawrence; Robert Bolt,Peter O'Toole; Alec Guinness; Anthony Quinn,8.3,"223,926"
Eternal Sunshine of the Spotless Mind,2004,1h 48min,Drama; Romance; Sci-Fi,Michel Gondry,Charlie Kaufman; Michel Gondry,Jim Carrey; Kate Winslet; Tom Wilkinson,8.3,"766,585"
Double Indemnity,1944,1h 47min,Crime; Drama; Film-Noir; Mystery; Thriller,Billy Wilder,Billy Wilder; Raymond Chandler,Fred MacMurray; Barbara Stanwyck; Edward G. Robinson,8.3,"116,379"
Taxi Driver,1976,1h 54min,Crime; Drama,Martin Scorsese,Paul Schrader,Robert De Niro; Jodie Foster; Cybill Shepherd,8.3,"588,409"
Singin' in the Rain,1952,1h 43min,Comedy; Musical; Romance,"Stanley Donen,            ; Gene Kelly",Betty Comden; Adolph Green,Gene Kelly; Donald O'Connor; Debbie Reynolds,8.3,"180,438"
3 Idiots,2009,2h 50min,Comedy; Drama,Rajkumar Hirani,Rajkumar Hirani; Abhijat Joshi,Aamir Khan; Madhavan; Mona Singh,8.4,"268,582"
2001: A Space Odyssey,1968,2h 29min,Adventure; Sci-Fi,Stanley Kubrick,Stanley Kubrick; Arthur C. Clarke,Keir Dullea; Gary Lockwood; William Sylvester,8.3,"497,454"
Toy Story,1995,1h 21min,Animation; Adventure; Comedy; Family; Fantasy,John Lasseter,John Lasseter; Pete Docter,Tom Hanks; Tim Allen; Don Rickles,8.3,"727,209"
To Kill a Mockingbird,1962,2h 9min,Crime; Drama,Robert Mulligan,Harper Lee; Horton Foote,Gregory Peck; John Megna; Frank Overton,8.3,"252,416"
Full Metal Jacket,1987,1h 56min,Drama; War,Stanley Kubrick,Stanley Kubrick; Michael Herr,Matthew Modine; R. Lee Ermey; Vincent D'Onofrio,8.3,"563,061"
Inglourious Basterds,2009,2h 33min,Adventure; Drama; War,"Quentin Tarantino,            ; Eli Roth (uncredited)           ",Quentin Tarantino,Brad Pitt; Diane Kruger; Eli Roth,8.3,"1,033,919"
Ladri di biciclette,1948,1h 29min,Drama,Vittorio De Sica,Cesare Zavattini; Luigi Bartolini,Lamberto Maggiorani; Enzo Staiola; Lianella Carell,8.3,"114,685"
The Sting,1973,2h 9min,Comedy; Crime; Drama,George Roy Hill,David S. Ward,Paul Newman; Robert Redford; Robert Shaw,8.3,"203,509"
The Kid,1921,1h 8min,Comedy; Drama; Family,Charles Chaplin (as Charlie Chaplin)           ,Charles Chaplin,Charles Chaplin; Edna Purviance; Jackie Coogan,8.3,"86,176"
Toy Story 3,2010,1h 43min,Animation; Adventure; Comedy; Family; Fantasy,Lee Unkrich,John Lasseter; Andrew Stanton,Tom Hanks; Tim Allen; Joan Cusack,8.3,"630,350"
Snatch,2000,1h 44min,Comedy; Crime,Guy Ritchie,Guy Ritchie,Jason Statham; Brad Pitt; Benicio Del Toro,8.3,"678,202"
Good Will Hunting,1997,2h 6min,Drama,Gus Van Sant,Matt Damon; Ben Affleck,Robin Williams; Matt Damon; Ben Affleck,8.3,"708,360"
Jagten,2012,1h 55min,Drama,Thomas Vinterberg,Tobias Lindholm; Thomas Vinterberg,Mads Mikkelsen; Thomas Bo Larsen; Annika Wedderkopp,8.3,"216,402"
Monty Python and the Holy Grail,1975,1h 31min,Adventure; Comedy; Fantasy,"Terry Gilliam,            ; Terry Jones",Graham Chapman; John Cleese,Graham Chapman; John Cleese; Eric Idle,8.3,"430,389"
Per qualche dollaro in pi\xc3\xb9,1965,2h 12min,Western,Sergio Leone,Sergio Leone; Fulvio Morsella,Clint Eastwood; Lee Van Cleef; Gian Maria Volont\xc3\xa8,8.3,"187,549"
Scarface,1983,2h 50min,Crime; Drama,Brian De Palma,Oliver Stone,Al Pacino; Michelle Pfeiffer; Steven Bauer,8.3,"616,851"
L.A. Confidential,1997,2h 18min,Crime; Drama; Mystery; Thriller,Curtis Hanson,James Ellroy; Brian Helgeland,Kevin Spacey; Russell Crowe; Guy Pearce,8.3,"464,940"
The Apartment,1960,2h 5min,Comedy; Drama; Romance,Billy Wilder,Billy Wilder; I.A.L. Diamond,Jack Lemmon; Shirley MacLaine; Fred MacMurray,8.3,"130,662"
Metropolis,1927,2h 33min,Drama; Sci-Fi,Fritz Lang,Thea von Harbou; Thea von Harbou,Brigitte Helm; Alfred Abel; Gustav Fr\xc3\xb6hlich,8.3,"132,008"
Jodaeiye Nader az Simin,2011,2h 3min,Drama; Mystery,Asghar Farhadi,Asghar Farhadi,Payman Maadi; Leila Hatami; Sareh Bayat,8.3,"180,048"
Rash\xc3\xb4mon,1950,1h 28min,Crime; Drama; Mystery,Akira Kurosawa,Ry\xc3\xbbnosuke Akutagawa; Akira Kurosawa,Toshir\xc3\xb4 Mifune; Machiko Ky\xc3\xb4; Masayuki Mori,8.3,"122,337"
Indiana Jones and the Last Crusade,1989,2h 7min,Action; Adventure; Fantasy,Steven Spielberg,Jeffrey Boam; George Lucas,Harrison Ford; Sean Connery; Alison Doody,8.3,"590,168"
Up,2009,1h 36min,Animation; Adventure; Comedy; Family,"Pete Docter,            ; Bob Peterson (co-director)           ",Pete Docter; Bob Peterson,Edward Asner; Jordan Nagai; John Ratzenberger,8.3,"777,982"
Y\xc3\xb4jinb\xc3\xb4,1961,1h 50min,Action; Drama; Thriller,Akira Kurosawa,Akira Kurosawa; Akira Kurosawa,Toshir\xc3\xb4 Mifune; Eijir\xc3\xb4 T\xc3\xb4no; Tatsuya Nakadai,8.3,"88,475"
All About Eve,1950,2h 18min,Drama,Joseph L. Mankiewicz,Joseph L. Mankiewicz,Bette Davis; Anne Baxter; George Sanders,8.3,"98,907"
Batman Begins,2005,2h 20min,Action; Adventure; Thriller,Christopher Nolan,Bob Kane; David S. Goyer,Christian Bale; Michael Caine; Ken Watanabe,8.3,"1,115,502"
Some Like It Hot,1959,2h 1min,Comedy; Romance,Billy Wilder,Billy Wilder; I.A.L. Diamond,Marilyn Monroe; Tony Curtis; Jack Lemmon,8.3,"203,636"
Unforgiven,1992,2h 10min,Drama; Western,Clint Eastwood,David Webb Peoples,Clint Eastwood; Gene Hackman; Morgan Freeman,8.2,"317,986"
The Treasure of the Sierra Madre,1948,2h 6min,Adventure; Drama; Western,John Huston,John Huston; B. Traven,Humphrey Bogart; Walter Huston; Tim Holt,8.3,"93,812"
Babam ve Oglum,2005,1h 48min,Drama,\xc3\x87agan Irmak,\xc3\x87agan Irmak,\xc3\x87etin Tekindor; Fikret Kuskan; H\xc3\xbcmeyra,8.5,"57,201"
Der Untergang,2004,2h 36min,Biography; Drama; History; War,Oliver Hirschbiegel,Bernd Eichinger; Joachim Fest,Bruno Ganz; Alexandra Maria Lara; Ulrich Matthes,8.2,"285,631"
Die Hard,1988,2h 12min,Action; Thriller,John McTiernan,Roderick Thorp; Jeb Stuart,Bruce Willis; Alan Rickman; Bonnie Bedelia,8.2,"673,662"
Heat,1995,2h 50min,Crime; Drama; Thriller,Michael Mann,Michael Mann,Al Pacino; Robert De Niro; Val Kilmer,8.2,"489,628"
Raging Bull,1980,2h 9min,Biography; Drama; Sport,Martin Scorsese,Jake LaMotta; Joseph Carter,Robert De Niro; Cathy Moriarty; Joe Pesci,8.2,"268,429"
Ikiru,1952,2h 23min,Drama,Akira Kurosawa,Akira Kurosawa; Shinobu Hashimoto,Takashi Shimura; Nobuo Kaneko; Shin'ichi Himori,8.3,"52,670"
The Great Escape,1963,2h 52min,Adventure; Drama; History; Thriller; War,John Sturges,Paul Brickhill; James Clavell,Steve McQueen; James Garner; Richard Attenborough,8.2,"191,279"
"Three Billboards Outside Ebbing, Missouri",2017,1h 55min,Crime; Drama,Martin McDonagh,Martin McDonagh,Frances McDormand; Woody Harrelson; Sam Rockwell,8.2,"213,694"
The Third Man,1949,1h 44min,Film-Noir; Mystery; Thriller,Carol Reed,Graham Greene; Graham Greene,Orson Welles; Joseph Cotten; Alida Valli,8.2,"133,119"
Bacheha-Ye aseman,1997,1h 29min,Drama; Family,Majid Majidi,Majid Majidi,Mohammad Amir Naji; Amir Farrokh Hashemian; Bahare Seddiqi,8.3,"43,813"
Chinatown,1974,2h 10min,Drama; Mystery; Thriller,Roman Polanski,Robert Towne,Jack Nicholson; Faye Dunaway; John Huston,8.2,"248,431"
Pan's Labyrinth,2006,1h 58min,Drama; Fantasy; War,Guillermo del Toro,Guillermo del Toro,Ivana Baquero; Ariadna Gil; Sergi L\xc3\xb3pez,8.2,"536,605"
Incendies,2010,2h 11min,Drama; Mystery; War,Denis Villeneuve,Denis Villeneuve; Wajdi Mouawad,Lubna Azabal; M\xc3\xa9lissa D\xc3\xa9sormeaux-Poulin; Maxim Gaudette,8.2,"108,770"
Tonari no Totoro,1988,1h 26min,Animation; Family; Fantasy,Hayao Miyazaki,Hayao Miyazaki,Hitoshi Takagi; Noriko Hidaka; Chika Sakamoto,8.2,"214,292"
Ran,1985,2h 42min,Action; Drama,Akira Kurosawa,Akira Kurosawa; Hideo Oguni,Tatsuya Nakadai; Akira Terao; Jinpachi Nezu,8.2,"91,641"
Oordeel te Neurenberg,1961,3h 6min,Drama; War,Stanley Kramer,Abby Mann; Abby Mann,Spencer Tracy; Burt Lancaster; Richard Widmark,8.2,"56,016"
El secreto de sus ojos,2009,2h 9min,Drama; Mystery; Romance; Thriller,Juan Jos\xc3\xa9 Campanella,Eduardo Sacheri; Juan Jos\xc3\xa9 Campanella,Ricardo Dar\xc3\xadn; Soledad Villamil; Pablo Rago,8.2,"159,294"
The Gold Rush,1925,1h 35min,Adventure; Comedy; Drama; Family,Charles Chaplin,Charles Chaplin,Charles Chaplin; Mack Swain; Tom Murray,8.2,"81,975"
Hauru no ugoku shiro,2004,1h 59min,Animation; Adventure; Family; Fantasy,Hayao Miyazaki,Hayao Miyazaki; Diana Wynne Jones,Chieko Baish\xc3\xb4; Takuya Kimura; Tatsuya Gash\xc3\xbbin,8.2,"257,419"
The Bridge on the River Kwai,1957,2h 41min,Adventure; Drama; War,David Lean,Pierre Boulle; Carl Foreman,William Holden; Alec Guinness; Jack Hawkins,8.2,"173,434"
On the Waterfront,1954,1h 48min,Crime; Drama; Thriller,Elia Kazan,Budd Schulberg; Budd Schulberg,Marlon Brando; Karl Malden; Lee J. Cobb,8.2,"119,018"
Inside Out,2015,1h 35min,Animation; Adventure; Comedy; Drama; Family; Fantasy,"Pete Docter,            ; Ronnie Del Carmen (co-director)           ",Pete Docter; Ronnie Del Carmen,Amy Poehler; Bill Hader; Lewis Black,8.2,"475,170"
"Lock, Stock and Two Smoking Barrels",1998,1h 47min,Comedy; Crime,Guy Ritchie,Guy Ritchie,Jason Flemyng; Dexter Fletcher; Nick Moran,8.2,"466,865"
Det sjunde inseglet,1957,1h 36min,Drama; Fantasy,Ingmar Bergman,Ingmar Bergman; Ingmar Bergman,Max von Sydow; Gunnar Bj\xc3\xb6rnstrand; Bengt Ekerot,8.2,"131,578"
A Beautiful Mind,2001,2h 15min,Biography; Drama,Ron Howard,Akiva Goldsman; Sylvia Nasar,Russell Crowe; Ed Harris; Jennifer Connelly,8.2,"713,967"
Casino,1995,2h 58min,Crime; Drama,Martin Scorsese,Nicholas Pileggi; Nicholas Pileggi,Robert De Niro; Sharon Stone; Joe Pesci,8.2,"384,812"
Room,2015,1h 58min,Drama,Lenny Abrahamson,Emma Donoghue; Emma Donoghue,Brie Larson; Jacob Tremblay; Sean Bridgers,8.2,"270,420"
Mr. Smith Goes to Washington,1939,2h 9min,Comedy; Drama,Frank Capra,Sidney Buchman; Lewis R. Foster,James Stewart; Jean Arthur; Claude Rains,8.2,"90,718"
The Elephant Man,1980,2h 4min,Biography; Drama,David Lynch,Christopher De Vore; Eric Bergren,Anthony Hopkins; John Hurt; Anne Bancroft,8.2,"187,381"
The Wolf of Wall Street,2013,3h,Biography; Comedy; Crime; Drama,Martin Scorsese,Terence Winter; Jordan Belfort,Leonardo DiCaprio; Jonah Hill; Margot Robbie,8.2,"942,575"
V for Vendetta,2005,2h 12min,Action; Drama; Sci-Fi; Thriller,James McTeigue,Lilly Wachowski; Lana Wachowski,Hugo Weaving; Natalie Portman; Rupert Graves,8.2,"898,598"
Blade Runner,1982,1h 57min,Sci-Fi; Thriller,Ridley Scott,Hampton Fancher; David Webb Peoples,Harrison Ford; Rutger Hauer; Sean Young,8.2,"579,174"
Smultronst\xc3\xa4llet,1957,1h 31min,Drama; Romance,Ingmar Bergman,Ingmar Bergman,Victor Sj\xc3\xb6str\xc3\xb6m; Bibi Andersson; Ingrid Thulin,8.2,"76,095"
Sherlock Jr.,1924,45min,Action; Comedy; Romance,Buster Keaton,Jean C. Havez; Joseph A. Mitchell,Buster Keaton; Kathryn McGuire; Joe Keaton,8.3,"25,890"
The General,1926,1h 7min,Action; Adventure; Comedy; Drama; War; Western,"Clyde Bruckman,            ; Buster Keaton",Buster Keaton; Clyde Bruckman,Buster Keaton; Marion Mack; Glen Cavender,8.2,"65,158"
Warrior,2011,2h 20min,Drama; Sport,Gavin O'Connor,Gavin O'Connor; Anthony Tambakis,Tom Hardy; Nick Nolte; Joel Edgerton,8.2,"380,093"
Dial M for Murder,1954,1h 45min,Crime; Film-Noir; Thriller,Alfred Hitchcock,Frederick Knott; Frederick Knott,Ray Milland; Grace Kelly; Robert Cummings,8.2,"128,689"
Trainspotting,1996,1h 34min,Drama,Danny Boyle,Irvine Welsh; John Hodge,Ewan McGregor; Ewen Bremner; Jonny Lee Miller,8.2,"553,514"
Gone with the Wind,1939,3h 58min,Drama; History; Romance; War,"Victor Fleming,            ; George Cukor (uncredited)           ",Margaret Mitchell; Sidney Howard,Clark Gable; Vivien Leigh; Thomas Mitchell,8.2,"246,997"
Gran Torino,2008,1h 56min,Drama,Clint Eastwood,Nick Schenk; Dave Johannson,Clint Eastwood; Bee Vang; Christopher Carley,8.1,"632,633"
No Country for Old Men,2007,2h 2min,Crime; Drama; Thriller,"Ethan Coen,            ; Joel Coen",Joel Coen; Ethan Coen,Tommy Lee Jones; Javier Bardem; Josh Brolin,8.1,"710,013"
The Sixth Sense,1999,1h 47min,Drama; Mystery; Thriller,M. Night Shyamalan,M. Night Shyamalan,Bruce Willis; Haley Joel Osment; Toni Collette,8.1,"794,192"
Fargo,1996,1h 38min,Crime; Drama; Thriller,"Joel Coen,            ; Ethan Coen (uncredited)           ",Ethan Coen; Joel Coen,William H. Macy; Frances McDormand; Steve Buscemi,8.1,"524,121"
The Deer Hunter,1978,3h 3min,Drama; War,Michael Cimino,Michael Cimino; Deric Washburn,Robert De Niro; Christopher Walken; John Cazale,8.2,"266,554"
There Will Be Blood,2007,2h 38min,Drama,Paul Thomas Anderson,Paul Thomas Anderson; Upton Sinclair,Daniel Day-Lewis; Paul Dano; Ciar\xc3\xa1n Hinds,8.1,"432,388"
The Thing,1982,1h 49min,Horror; Mystery; Sci-Fi,John Carpenter,Bill Lancaster; John W. Campbell Jr.,Kurt Russell; Wilford Brimley; Keith David,8.1,"304,491"
Finding Nemo,2003,1h 40min,Animation; Adventure; Comedy; Family; Fantasy,"Andrew Stanton,            ; Lee Unkrich (co-director)           ",Andrew Stanton; Andrew Stanton,Albert Brooks; Ellen DeGeneres; Alexander Gould,8.1,"804,791"
The Big Lebowski,1998,1h 57min,Comedy; Crime,"Joel Coen,            ; Ethan Coen (uncredited)           ",Ethan Coen; Joel Coen,Jeff Bridges; John Goodman; Julianne Moore,8.1,"617,260"
Idi i smotri,1985,2h 22min,Drama; War,Elem Klimov (as E. Klimov)           ,Ales Adamovich; Ales Adamovich,Aleksey Kravchenko; Olga Mironova; Liubomiras Laucevicius,8.2,"37,309"
Sunrise: A Song of Two Humans,1927,1h 34min,Drama; Romance,F.W. Murnau,Carl Mayer; Hermann Sudermann,George O'Brien; Janet Gaynor; Margaret Livingston,8.2,"38,600"
Cool Hand Luke,1967,2h 6min,Crime; Drama,Stuart Rosenberg,Donn Pearce; Frank Pierson,Paul Newman; George Kennedy; Strother Martin,8.1,"137,964"
Kill Bill: Vol. 1,2003,1h 51min,Action; Crime; Thriller,Quentin Tarantino,Quentin Tarantino; Quentin Tarantino,Uma Thurman; David Carradine; Daryl Hannah,8.1,"841,136"
T\xc3\xb4ky\xc3\xb4 monogatari,1953,2h 16min,Drama,Yasujir\xc3\xb4 Ozu,K\xc3\xb4go Noda; Yasujir\xc3\xb4 Ozu,Chish\xc3\xbb Ry\xc3\xbb; Chieko Higashiyama; S\xc3\xb4 Yamamura,8.2,"37,752"
Rebecca,1940,2h 10min,Drama; Mystery; Romance; Thriller,Alfred Hitchcock,Daphne Du Maurier; Robert E. Sherwood,Laurence Olivier; Joan Fontaine; George Sanders,8.2,"102,855"
Eskiya,1996,2h 8min,Crime; Drama; Thriller,Yavuz Turgul,Yavuz Turgul,Sener Sen; Ugur Y\xc3\xbccel; Sermin H\xc3\xbcrmeri\xc3\xa7,8.4,"49,422"
Shutter Island,2010,2h 18min,Mystery; Thriller,Martin Scorsese,Laeta Kalogridis; Dennis Lehane,Leonardo DiCaprio; Emily Mortimer; Mark Ruffalo,8.1,"925,550"
Hacksaw Ridge,2016,2h 19min,Biography; Drama; History; War,Mel Gibson,Robert Schenkkan; Andrew Knight,Andrew Garfield; Sam Worthington; Luke Bracey,8.2,"312,543"
Hoe tem je een draak,2010,1h 38min,Animation; Action; Adventure; Comedy; Family; Fantasy,"Dean DeBlois,            ; Chris Sanders",William Davies; Dean DeBlois,Jay Baruchel; Gerard Butler; Christopher Mintz-Plasse,8.1,"562,106"
Mary and Max,2009,1h 32min,Animation; Comedy; Drama,Adam Elliot,Adam Elliot,Toni Collette; Philip Seymour Hoffman; Eric Bana,8.1,"140,740"
Andrei Rublev,1966,3h 25min,Biography; Drama; History,Andrei Tarkovsky (as Andrey Tarkovskiy)           ,Andrey Konchalovskiy; Andrei Tarkovsky,Anatoliy Solonitsyn; Ivan Lapikov; Nikolay Grinko,8.2,"33,453"
Gone Girl,2014,2h 29min,Crime; Drama; Mystery; Thriller,David Fincher,Gillian Flynn; Gillian Flynn,Ben Affleck; Rosamund Pike; Neil Patrick Harris,8.1,"696,639"
Blade Runner 2049,2017,2h 44min,Drama; Mystery; Sci-Fi; Thriller,Denis Villeneuve,Hampton Fancher; Michael Green,Harrison Ford; Ryan Gosling; Ana de Armas,8.1,"280,073"
Into the Wild,2007,2h 28min,Adventure; Biography; Drama,Sean Penn,Sean Penn; Jon Krakauer,Emile Hirsch; Vince Vaughn; Catherine Keener,8.1,"492,733"
Life of Brian,1979,1h 34min,Comedy,Terry Jones,Graham Chapman; John Cleese,Graham Chapman; John Cleese; Michael Palin,8.1,"309,377"
Relatos salvajes,2014,2h 2min,Comedy; Drama; Thriller,Dami\xc3\xa1n Szifron,Germ\xc3\xa1n Servidio; Dami\xc3\xa1n Szifron,Dar\xc3\xado Grandinetti; Mar\xc3\xada Marull; M\xc3\xb3nica Villa,8.1,"131,679"
Rang De Basanti,2006,2h 37min,Comedy; Drama,Rakeysh Omprakash Mehra (as Rakesh Omprakash Mehra)           ,Renzil D'Silva; Prasoon Joshi,Aamir Khan; Soha Ali Khan; Siddharth,8.3,"91,345"
Het gebeurde op 'n avond,1934,1h 45min,Comedy; Romance,Frank Capra,Robert Riskin; Samuel Hopkins Adams,Clark Gable; Claudette Colbert; Walter Connolly,8.1,"78,070"
La passion de Jeanne d'Arc,1928,1h 50min,Biography; Drama; History,Carl Theodor Dreyer (as Carl Th. Dreyer)           ,Joseph Delteil; Carl Theodor Dreyer,Maria Falconetti; Eugene Silvain; Andr\xc3\xa9 Berley,8.2,"35,309"
Platoon,1986,2h,Drama; War,Oliver Stone,Oliver Stone,Charlie Sheen; Tom Berenger; Willem Dafoe,8.1,"330,794"
In the Name of the Father,1993,2h 13min,Biography; Drama,Jim Sheridan,Gerry Conlon; Terry George,Daniel Day-Lewis; Pete Postlethwaite; Alison Crosbie,8.1,"131,310"
Network,1976,2h 1min,Drama,Sidney Lumet,Paddy Chayefsky,Faye Dunaway; William Holden; Peter Finch,8.1,"121,759"
Hotel Rwanda,2004,2h 1min,Biography; Drama; History; War,Terry George,Keir Pearson; Terry George,Don Cheadle; Sophie Okonedo; Joaquin Phoenix,8.1,"297,819"
Stand by Me,1986,1h 29min,Adventure; Drama,Rob Reiner,Stephen King; Raynold Gideon,Wil Wheaton; River Phoenix; Corey Feldman,8.1,"313,150"
The Grand Budapest Hotel,2014,1h 39min,Adventure; Comedy; Drama,Wes Anderson,Stefan Zweig; Wes Anderson,Ralph Fiennes; F. Murray Abraham; Mathieu Amalric,8.1,"581,848"
Stalker,1979,2h 42min,Drama; Sci-Fi,Andrei Tarkovsky (as Andrey Tarkovskiy)           ,Arkadiy Strugatskiy; Boris Strugatskiy,Alisa Freyndlikh; Aleksandr Kaydanovskiy; Anatoliy Solonitsyn,8.1,"86,934"
Le salaire de la peur,1953,2h 11min,Adventure; Drama; Thriller,Henri-Georges Clouzot,Georges Arnaud; Henri-Georges Clouzot,Yves Montand; Charles Vanel; Peter van Eyck,8.2,"44,144"
Ben Hur,1959,3h 32min,Adventure; Drama; History,William Wyler,Lew Wallace; Karl Tunberg,Charlton Heston; Jack Hawkins; Stephen Boyd,8.1,"188,109"
Jurassic Park,1993,2h 7min,Adventure; Sci-Fi; Thriller,Steven Spielberg,Michael Crichton; Michael Crichton,Sam Neill; Laura Dern; Jeff Goldblum,8.1,"717,314"
Rush,2013,2h 3min,Action; Biography; Drama; History; Sport,Ron Howard,Peter Morgan,Daniel Br\xc3\xbchl; Chris Hemsworth; Olivia Wilde,8.1,"366,991"
Persona,1966,1h 25min,Drama; Thriller,Ingmar Bergman,Ingmar Bergman,Bibi Andersson; Liv Ullmann; Margaretha Krook,8.1,"77,467"
12 Years a Slave,2013,2h 14min,Biography; Drama; History,Steve McQueen,John Ridley; Solomon Northup,Chiwetel Ejiofor; Michael Kenneth Williams; Michael Fassbender,8.1,"532,184"
Salinui chueok,2003,2h 11min,Action; Crime; Drama; Mystery; Thriller,Joon-ho Bong (as Joon Ho Bong)           ,Joon-ho Bong; Kwang-rim Kim,Kang-ho Song; Sang-kyung Kim; Roe-ha Kim,8.1,"88,413"
The Truman Show,1998,1h 43min,Comedy; Drama; Sci-Fi,Peter Weir,Andrew Niccol,Jim Carrey; Ed Harris; Laura Linney,8.1,"774,527"
Million Dollar Baby,2004,2h 12min,Drama; Sport,Clint Eastwood,Paul Haggis; F.X. Toole,Hilary Swank; Clint Eastwood; Morgan Freeman,8.1,"551,117"
Les quatre cents coups,1959,1h 39min,Crime; Drama,Fran\xc3\xa7ois Truffaut,Fran\xc3\xa7ois Truffaut; Marcel Moussy,Jean-Pierre L\xc3\xa9aud; Albert R\xc3\xa9my; Claire Maurier,8.1,"84,600"
Mad Max: Fury Road,2015,2h,Action; Adventure; Sci-Fi; Thriller,George Miller,George Miller; Brendan McCarthy,Tom Hardy; Charlize Theron; Nicholas Hoult,8.1,"705,084"
Spotlight,2015,2h 8min,Crime; Drama; History,Tom McCarthy,Josh Singer; Tom McCarthy,Mark Ruffalo; Michael Keaton; Rachel McAdams,8.1,"319,146"
Logan,2017,2h 17min,Action; Drama; Sci-Fi; Thriller,James Mangold,James Mangold; Scott Frank,Hugh Jackman; Patrick Stewart; Dafne Keen,8.1,"469,838"
Amores perros,2000,2h 34min,Drama; Thriller,Alejandro G. I\xc3\xb1\xc3\xa1rritu (as Alejandro Gonz\xc3\xa1lez I\xc3\xb1\xc3\xa1rritu)           ,Guillermo Arriaga,Emilio Echevarr\xc3\xada; Gael Garc\xc3\xada Bernal; Goya Toledo,8.1,"196,213"
Before Sunrise,1995,1h 41min,Drama; Romance,Richard Linklater,Richard Linklater; Kim Krizan,Ethan Hawke; Julie Delpy; Andrea Eckert,8.1,"219,120"
Hachi: A Dog's Tale,2009,1h 33min,Drama; Family,Lasse Hallstr\xc3\xb6m,Stephen P. Lindsey; Kaneto Shind\xc3\xb4,Richard Gere; Joan Allen; Cary-Hiroyuki Tagawa,8.1,"201,523"
Butch Cassidy and the Sundance Kid,1969,1h 50min,Biography; Crime; Drama; Western,George Roy Hill,William Goldman,Paul Newman; Robert Redford; Katharine Ross,8.1,"174,945"
Kaze no tani no Naushika,1984,1h 57min,Animation; Adventure; Fantasy; Sci-Fi,Hayao Miyazaki,Hayao Miyazaki; Hayao Miyazaki,Sumi Shimamoto; Mahito Tsujimura; Hisako Ky\xc3\xb4da,8.1,"117,131"
Prisoners,2013,2h 33min,Crime; Drama; Mystery; Thriller,Denis Villeneuve,Aaron Guzikowski,Hugh Jackman; Jake Gyllenhaal; Viola Davis,8.1,"479,533"
The Princess Bride,1987,1h 38min,Adventure; Family; Fantasy; Romance,Rob Reiner,William Goldman; William Goldman,Cary Elwes; Mandy Patinkin; Robin Wright,8.1,"334,910"
La La Land,2016,2h 8min,Comedy; Drama; Music; Musical; Romance,Damien Chazelle,Damien Chazelle,Ryan Gosling; Emma Stone; Rosemarie DeWitt,8.1,"365,692"
A Wednesday,2008,1h 44min,Crime; Drama; Mystery; Thriller,Neeraj Pandey,Neeraj Pandey; Neeraj Pandey,Anupam Kher; Naseeruddin Shah; Jimmy Shergill,8.2,"61,289"
Catch Me If You Can,2002,2h 21min,Biography; Crime; Drama,Steven Spielberg,Jeff Nathanson; Frank Abagnale Jr.,Leonardo DiCaprio; Tom Hanks; Christopher Walken,8.1,"649,183"
The Maltese Falcon,1941,1h 40min,Film-Noir; Mystery,John Huston,John Huston; Dashiell Hammett,Humphrey Bogart; Mary Astor; Gladys George,8.1,"131,250"
Harry Potter and the Deathly Hallows: Part 2,2011,2h 10min,Adventure; Drama; Fantasy; Mystery,David Yates,Steve Kloves; J.K. Rowling,Daniel Radcliffe; Emma Watson; Rupert Grint,8.1,"638,373"
Rocky,1976,2h,Drama; Sport,John G. Avildsen,Sylvester Stallone,Sylvester Stallone; Talia Shire; Burt Young,8.1,"438,275"
Le notti di Cabiria,1957,1h 50min,Drama,Federico Fellini,Federico Fellini; Ennio Flaiano,Giulietta Masina; Fran\xc3\xa7ois P\xc3\xa9rier; Franca Marzi,8.1,"34,711"
The Grapes of Wrath,1940,2h 9min,Drama; History,John Ford,Nunnally Johnson; John Steinbeck,Henry Fonda; Jane Darwell; John Carradine,8.1,"75,070"
"Monsters, Inc.",2001,1h 32min,Animation; Adventure; Comedy; Family; Fantasy,"Pete Docter,            ; David Silverman (co-director)           ",Pete Docter; Jill Culton,Billy Crystal; John Goodman; Mary Gibbs,8.1,"681,591"
Demonen,1955,1h 57min,Crime; Drama; Horror; Mystery; Thriller,Henri-Georges Clouzot (as H.G. Clouzot)           ,Pierre Boileau; Thomas Narcejac,Simone Signoret; V\xc3\xa9ra Clouzot; Paul Meurisse,8.1,"51,765"
Donnie Darko,2001,1h 53min,Drama; Sci-Fi; Thriller,Richard Kelly,Richard Kelly,Jake Gyllenhaal; Jena Malone; Mary McDonnell,8.1,"659,721"
Barry Lyndon,1975,3h 5min,Adventure; Drama; History; War,Stanley Kubrick,Stanley Kubrick; William Makepeace Thackeray,Ryan O'Neal; Marisa Berenson; Patrick Magee,8.1,"120,768"
Paper Moon,1973,1h 42min,Comedy; Crime; Drama,Peter Bogdanovich,Joe David Brown; Alvin Sargent,Ryan O'Neal; Tatum O'Neal; Madeline Kahn,8.1,"32,568"
Gandhi,1982,3h 11min,Biography; Drama; History,Richard Attenborough,John Briley,Ben Kingsley; John Gielgud; Candice Bergen,8.1,"196,344"
Touch of Evil,1958,1h 35min,Crime; Drama; Film-Noir; Thriller,Orson Welles,Orson Welles; Whit Masterson,Charlton Heston; Orson Welles; Janet Leigh,8.1,"85,064"
The Terminator,1984,1h 47min,Action; Sci-Fi,James Cameron,James Cameron; Gale Anne Hurd,Arnold Schwarzenegger; Linda Hamilton; Michael Biehn,8.0,"682,611"
La haine,1995,1h 38min,Crime; Drama,Mathieu Kassovitz,Mathieu Kassovitz,Vincent Cassel; Hubert Kound\xc3\xa9; Sa\xc3\xafd Taghmaoui,8.1,"122,863"
Groundhog Day,1993,1h 41min,Comedy; Fantasy; Romance,Harold Ramis,Danny Rubin; Harold Ramis,Bill Murray; Andie MacDowell; Chris Elliott,8.0,"506,533"
The Wizard of Oz,1939,1h 42min,Adventure; Family; Fantasy; Musical,"Victor Fleming,            ; George Cukor (uncredited)           ",Noel Langley; Florence Ryerson,Judy Garland; Frank Morgan; Ray Bolger,8.0,"330,641"
The Bourne Ultimatum,2007,1h 55min,Action; Mystery; Thriller,Paul Greengrass,Tony Gilroy; Scott Z. Burns,Matt Damon; Edgar Ram\xc3\xadrez; Joan Allen,8.0,"555,753"
Annie Hall,1977,1h 33min,Comedy; Romance,Woody Allen,Woody Allen; Marshall Brickman,Woody Allen; Diane Keaton; Tony Roberts,8.0,"225,008"
Dead Poets Society,1989,2h 8min,Comedy; Drama,Peter Weir,Tom Schulman,Robin Williams; Robert Sean Leonard; Ethan Hawke,8.1,"328,080"
8\xc2\xbd,1963,2h 18min,Drama,Federico Fellini,Federico Fellini; Ennio Flaiano,Marcello Mastroianni; Anouk Aim\xc3\xa9e; Claudia Cardinale,8.1,"92,881"
Jaws,1975,2h 4min,Adventure; Drama; Thriller,Steven Spielberg,Peter Benchley; Carl Gottlieb,Roy Scheider; Robert Shaw; Richard Dreyfuss,8.0,"475,587"
Faa yeung nin wa,2000,1h 38min,Drama; Romance,Kar-Wai Wong (as Kar Wai Wong)           ,Kar-Wai Wong,Tony Chiu-Wai Leung; Maggie Cheung; Ping Lam Siu,8.1,"94,896"
The Help,2011,2h 26min,Drama,Tate Taylor,Tate Taylor; Kathryn Stockett,Emma Stone; Viola Davis; Octavia Spencer,8.1,"367,480"
De beste jaren van ons leven,1946,2h 50min,Drama; Romance; War,William Wyler,Robert E. Sherwood; MacKinlay Kantor,Myrna Loy; Dana Andrews; Fredric March,8.1,"49,110"
"Paris, Texas",1984,2h 25min,Drama,Wim Wenders,L.M. Kit Carson; Sam Shepard,Harry Dean Stanton; Nastassja Kinski; Dean Stockwell,8.1,"65,206"
Mou gaan dou,2002,1h 41min,Crime; Drama; Mystery; Thriller,"Wai-Keung Lau (as Andrew Lau),            ; Alan Mak",Alan Mak; Felix Chong,Andy Lau; Tony Chiu-Wai Leung; Anthony Chau-Sang Wong,8.1,"106,460"
Twelve Monkeys,1995,2h 9min,Mystery; Sci-Fi; Thriller,Terry Gilliam,Chris Marker; David Webb Peoples,Bruce Willis; Madeleine Stowe; Brad Pitt,8.0,"518,137"
Trois couleurs: Rouge,1994,1h 39min,Drama; Mystery; Romance,Krzysztof Kieslowski,Krzysztof Kieslowski; Krzysztof Piesiewicz,Ir\xc3\xa8ne Jacob; Jean-Louis Trintignant; Fr\xc3\xa9d\xc3\xa9rique Feder,8.1,"73,274"
Belle en het Beest,1991,1h 24min,Animation; Family; Fantasy; Musical; Romance,"Gary Trousdale,            ; Kirk Wise",Linda Woolverton; Brenda Chapman,Paige O'Hara; Robby Benson; Jesse Corti,8.0,"363,762"
Before Sunset,2004,1h 20min,Drama; Romance,Richard Linklater,Richard Linklater; Julie Delpy,Ethan Hawke; Julie Delpy; Vernon Dobtcheff,8.1,"191,238"
Gangs of Wasseypur,2012,5h 21min,Action; Crime; Drama; Thriller,Anurag Kashyap,Akhilesh Jaiswal; Anurag Kashyap,Manoj Bajpayee; Richa Chadha; Nawazuddin Siddiqui,8.2,"60,605"
Dog Day Afternoon,1975,2h 5min,Biography; Crime; Drama; Thriller,Sidney Lumet,Frank Pierson; P.F. Kluge,Al Pacino; John Cazale; Penelope Allen,8.0,"207,349"
PK,2014,2h 33min,Comedy; Drama; Fantasy,Rajkumar Hirani,Rajkumar Hirani; Abhijat Joshi,Aamir Khan; Anushka Sharma; Sanjay Dutt,8.2,"120,179"
Akira,1988,2h 4min,Animation; Action; Drama; Sci-Fi; Thriller,Katsuhiro \xc3\x94tomo,Katsuhiro \xc3\x94tomo; Iz\xc3\xb4 Hashimoto,Mitsuo Iwata; Nozomu Sasaki; Mami Koyama,8.1,"125,106"
